playerId,position,positionGeneral,league,leagueLevel,tradeId,regularGoalsAgainst,regularShotsAgainst,regularShutouts,regularSaves,regularWins,regularLosses,regularOtLosses,postseasonGoalsAgainst,postseasonShotsAgainst,postseasonSaves,postseasonShutouts,postseasonWins,postseasonLosses,postseasonOtLosses
106166,G,G,ahl,professional,736,186,2239,4,2053,41,27,6,19,282,263,1,5,4,NULL
106174,G,G,nhl,professional,785,132,1330,4,1198,18,20,10,NULL,NULL,NULL,NULL,NULL,NULL,NULL
312039,G,G,ahl,professional,555,33,367,0,334,4,4,4,NULL,NULL,NULL,NULL,NULL,NULL,NULL
389277,G,G,ahl,professional,3071,161,2027,8,1866,31,29,8,42,458,416,3,13,5,0
823303,G,G,ahl,professional,546,4,30,0,26,1,0,2,NULL,NULL,NULL,NULL,NULL,NULL,NULL
28272,G,G,ahl,professional,358,6,23,0,17,1,0,0,NULL,NULL,NULL,NULL,NULL,NULL,NULL
529759,G,G,ahl,professional,49,82,940,3,858,16,13,2,8,62,54,0,0,2,NULL
143027,G,G,ahl,professional,652,131,1639,2,1508,29,23,3,15,112,97,0,2,2,0
843721,G,G,ahl,professional,182,69,734,4,665,16,10,2,NULL,NULL,NULL,NULL,NULL,NULL,NULL
413820,G,G,nhl,professional,2395,215,2430,3,2215,46,27,8,10,127,117,0,2,2,0
462703,G,G,ahl,professional,2421,11,109,0,98,1,1,2,NULL,NULL,NULL,NULL,NULL,NULL,NULL
97272,G,G,nhl,professional,495,174,2263,9,2089,49,22,9,44,553,509,1,9,9,NULL
520449,G,G,ahl,professional,302,30,288,1,258,6,3,2,NULL,NULL,NULL,NULL,NULL,NULL,NULL
809247,G,G,ahl,professional,2291,6,50,0,44,1,1,0,NULL,NULL,NULL,NULL,NULL,NULL,NULL
102716,G,G,ahl,professional,499,4,37,0,33,1,0,0,NULL,NULL,NULL,NULL,NULL,NULL,NULL
833228,G,G,nhl,professional,1139,175,1911,3,1736,26,22,9,3,51,48,0,0,0,NULL
580002,G,G,ahl,professional,459,75,1181,6,1106,31,9,3,42,497,455,2,14,5,NULL
412067,G,G,ahl,professional,1095,80,872,1,792,16,12,2,3,21,18,0,0,1,0
116203,G,G,ahl,professional,432,196,2018,1,1822,31,22,21,0,14,14,0,0,0,0
842118,G,G,ahl,professional,1438,15,272,1,257,5,3,2,NULL,NULL,NULL,NULL,NULL,NULL,NULL
48656,G,G,nhl,professional,383,104,1312,5,1208,27,14,4,4,38,34,0,0,1,NULL
94400,G,G,ahl,professional,696,72,656,2,584,6,12,5,NULL,NULL,NULL,NULL,NULL,NULL,NULL
834216,G,G,ahl,professional,153,64,943,4,879,17,11,5,NULL,NULL,NULL,NULL,NULL,NULL,NULL
180480,G,G,ahl,professional,793,224,2253,4,2029,36,29,20,5,66,61,1,1,2,0
843319,G,G,ahl,professional,470,132,1669,6,1537,31,15,12,12,94,82,0,2,1,0
52012,G,G,ahl,professional,790,16,159,0,143,5,1,0,NULL,NULL,NULL,NULL,NULL,NULL,NULL
832263,G,G,nhl,professional,49,218,2496,5,2278,51,20,9,21,248,227,2,3,5,NULL
91698,G,G,ahl,professional,478,4,22,0,18,1,0,0,NULL,NULL,NULL,NULL,NULL,NULL,NULL
63802,G,G,ahl,professional,85,11,95,0,84,0,3,0,NULL,NULL,NULL,NULL,NULL,NULL,NULL
813029,G,G,nhl,professional,2041,180,2140,6,1960,34,29,10,6,71,65,0,0,2,NULL
48052,G,G,ahl,professional,2562,78,701,1,623,7,18,2,NULL,NULL,NULL,NULL,NULL,NULL,NULL
60758,G,G,ahl,professional,780,2,40,0,38,1,0,0,NULL,NULL,NULL,NULL,NULL,NULL,NULL
577545,G,G,nhl,professional,1719,259,2291,2,2032,31,29,14,NULL,NULL,NULL,NULL,NULL,NULL,NULL
570819,G,G,ahl,professional,1390,102,960,0,858,6,17,6,NULL,NULL,NULL,NULL,NULL,NULL,NULL
182470,G,G,ahl,professional,4425,2,24,0,22,1,0,0,NULL,NULL,NULL,NULL,NULL,NULL,NULL
845043,G,G,nhl,professional,277,184,1941,3,1757,29,25,8,3,9,6,0,0,1,0
570879,G,G,ahl,professional,1405,43,324,0,281,3,4,4,NULL,NULL,NULL,NULL,NULL,NULL,NULL
813204,G,G,ahl,professional,1686,207,2181,1,1974,39,28,10,16,161,145,0,2,3,0
526093,G,G,ahl,professional,741,60,549,1,489,8,9,2,NULL,NULL,NULL,NULL,NULL,NULL,NULL
140444,G,G,ahl,professional,106,27,295,3,268,6,2,3,NULL,NULL,NULL,NULL,NULL,NULL,NULL
47993,G,G,nhl,professional,322,156,1451,2,1295,18,26,4,NULL,NULL,NULL,NULL,NULL,NULL,NULL
809307,G,G,nhl,professional,3327,223,2305,5,2082,29,33,13,0,6,6,0,0,0,NULL
70703,G,G,ahl,professional,98,123,1141,2,1018,17,17,9,8,113,105,0,2,2,0
594073,G,G,nhl,professional,856,64,561,0,497,7,9,3,NULL,NULL,NULL,NULL,NULL,NULL,NULL
222440,G,G,ahl,professional,1263,5,110,0,105,3,1,1,NULL,NULL,NULL,NULL,NULL,NULL,NULL
833164,G,G,ahl,professional,2989,218,2223,2,2005,31,31,9,40,464,424,1,9,6,0
119099,G,G,nhl,professional,981,321,3779,9,3458,62,45,11,16,239,223,1,2,4,NULL
601420,G,G,ahl,professional,2521,60,641,0,581,10,9,1,NULL,NULL,NULL,NULL,NULL,NULL,NULL
746320,G,G,ahl,professional,419,3,62,0,59,1,1,0,NULL,NULL,NULL,NULL,NULL,NULL,NULL
615867,G,G,ahl,professional,410,6,53,0,47,0,1,2,NULL,NULL,NULL,NULL,NULL,NULL,NULL
487125,G,G,nhl,professional,1000,87,915,2,828,12,9,6,NULL,NULL,NULL,NULL,NULL,NULL,NULL
610231,G,G,ahl,professional,1175,212,2078,3,1866,31,33,4,NULL,NULL,NULL,NULL,NULL,NULL,NULL
544672,G,G,ahl,professional,1632,112,1042,2,930,14,19,3,NULL,NULL,NULL,NULL,NULL,NULL,NULL
376376,G,G,ahl,professional,539,63,656,0,593,10,8,1,NULL,NULL,NULL,NULL,NULL,NULL,NULL
330316,G,G,ahl,professional,1195,63,576,1,513,8,11,0,NULL,NULL,NULL,NULL,NULL,NULL,NULL
140804,G,G,ahl,professional,1475,104,1029,0,925,12,15,6,NULL,NULL,NULL,NULL,NULL,NULL,NULL
106166,G,G,nhl,professional,736,6,35,0,29,0,1,0,NULL,NULL,NULL,NULL,NULL,NULL,NULL
312039,G,G,ahl,professional,752,110,1119,1,1009,21,12,5,0,14,14,0,0,0,NULL
389277,G,G,nhl,professional,3071,8,73,0,65,0,3,0,NULL,NULL,NULL,NULL,NULL,NULL,NULL
28205,G,G,ahl,professional,637,132,1411,1,1279,25,16,5,55,752,697,2,14,8,0
28272,G,G,nhl,professional,358,96,938,0,842,5,19,5,NULL,NULL,NULL,NULL,NULL,NULL,NULL
529759,G,G,nhl,professional,49,79,828,0,749,10,13,3,NULL,NULL,NULL,NULL,NULL,NULL,NULL
520509,G,G,ahl,professional,806,168,2043,10,1875,39,23,11,41,455,414,2,8,7,NULL
843721,G,G,nhl,professional,182,55,745,3,690,16,7,4,22,275,253,1,4,5,NULL
571024,G,G,ahl,professional,1997,39,409,0,370,6,8,1,NULL,NULL,NULL,NULL,NULL,NULL,NULL
462703,G,G,nhl,professional,2421,165,1848,3,1683,25,26,3,NULL,NULL,NULL,NULL,NULL,NULL,NULL
806333,G,G,ahl,professional,953,23,202,0,179,2,2,2,NULL,NULL,NULL,NULL,NULL,NULL,NULL
520449,G,G,nhl,professional,125,75,812,0,737,21,5,0,NULL,NULL,NULL,NULL,NULL,NULL,NULL
809247,G,G,nhl,professional,2291,188,1957,5,1769,31,26,11,21,182,161,1,3,6,NULL
102716,G,G,ahl,professional,1691,4,37,0,33,1,0,0,NULL,NULL,NULL,NULL,NULL,NULL,NULL
833228,G,G,nhl,professional,3011,175,1911,3,1736,26,22,9,3,51,48,0,0,0,NULL
580002,G,G,nhl,professional,459,58,592,1,534,8,9,1,NULL,NULL,NULL,NULL,NULL,NULL,NULL
412067,G,G,nhl,professional,1095,55,511,0,456,6,8,1,NULL,NULL,NULL,NULL,NULL,NULL,NULL
116203,G,G,nhl,professional,432,1,35,0,34,0,0,1,NULL,NULL,NULL,NULL,NULL,NULL,NULL
842118,G,G,nhl,professional,1438,136,1378,1,1242,14,28,4,14,118,104,0,0,3,NULL
834573,G,G,ahl,professional,72,51,610,2,559,14,5,5,NULL,NULL,NULL,NULL,NULL,NULL,NULL
94400,G,G,nhl,professional,696,27,223,0,196,2,7,1,NULL,NULL,NULL,NULL,NULL,NULL,NULL
834216,G,G,nhl,professional,153,17,149,0,132,2,2,1,3,15,12,0,0,0,0
180480,G,G,nhl,professional,793,27,203,0,176,0,5,1,NULL,NULL,NULL,NULL,NULL,NULL,NULL
52012,G,G,nhl,professional,790,123,1477,4,1354,26,13,11,14,153,139,0,3,3,NULL
106167,G,G,nhl,professional,1067,211,2522,6,2311,57,21,12,48,604,556,2,14,7,NULL
91698,G,G,nhl,professional,478,180,1948,4,1768,31,27,9,0,7,7,0,0,0,NULL
63802,G,G,ahl,professional,98,8,59,0,51,0,2,0,NULL,NULL,NULL,NULL,NULL,NULL,NULL
181631,G,G,nhl,professional,3325,297,2921,3,2624,46,44,14,NULL,NULL,NULL,NULL,NULL,NULL,NULL
48052,G,G,nhl,professional,2562,120,1159,1,1039,7,25,3,NULL,NULL,NULL,NULL,NULL,NULL,NULL
60758,G,G,ahl,professional,1334,2,40,0,38,1,0,0,NULL,NULL,NULL,NULL,NULL,NULL,NULL
577545,G,G,nhl,professional,3327,259,2291,2,2032,31,29,14,NULL,NULL,NULL,NULL,NULL,NULL,NULL
570819,G,G,nhl,professional,1390,37,262,0,225,1,6,1,NULL,NULL,NULL,NULL,NULL,NULL,NULL
182470,G,G,nhl,professional,2620,95,862,0,767,17,9,3,NULL,NULL,NULL,NULL,NULL,NULL,NULL
813204,G,G,nhl,professional,1686,27,173,0,146,1,4,1,NULL,NULL,NULL,NULL,NULL,NULL,NULL
526093,G,G,nhl,professional,741,71,616,0,545,4,10,1,NULL,NULL,NULL,NULL,NULL,NULL,NULL
140444,G,G,ahl,professional,146,27,295,3,268,6,2,3,NULL,NULL,NULL,NULL,NULL,NULL,NULL
47993,G,G,nhl,professional,382,93,849,1,756,12,15,2,NULL,NULL,NULL,NULL,NULL,NULL,NULL
73987,G,G,ahl,professional,332,22,196,0,174,2,1,2,NULL,NULL,NULL,NULL,NULL,NULL,NULL
70703,G,G,nhl,professional,98,26,258,0,232,3,5,0,NULL,NULL,NULL,NULL,NULL,NULL,NULL
665362,G,G,nhl,professional,540,189,2239,4,2050,40,31,5,1,21,20,0,0,1,NULL
222440,G,G,nhl,professional,1263,180,1767,4,1587,23,30,6,NULL,NULL,NULL,NULL,NULL,NULL,NULL
833164,G,G,nhl,professional,2989,3,35,0,32,0,1,0,NULL,NULL,NULL,NULL,NULL,NULL,NULL
82451,G,G,nhl,professional,138,230,2721,10,2491,54,33,5,48,562,514,1,11,10,NULL
660295,G,G,ahl,professional,502,9,80,0,71,1,1,0,NULL,NULL,NULL,NULL,NULL,NULL,NULL
746320,G,G,ahl,professional,472,3,62,0,59,1,1,0,NULL,NULL,NULL,NULL,NULL,NULL,NULL
615867,G,G,nhl,professional,410,147,1631,7,1484,33,24,4,NULL,NULL,NULL,NULL,NULL,NULL,NULL
570698,G,G,ahl,professional,109,166,1249,0,1083,17,21,6,NULL,NULL,NULL,NULL,NULL,NULL,NULL
59668,G,G,nhl,professional,2883,259,2422,1,2163,27,42,7,NULL,NULL,NULL,NULL,NULL,NULL,NULL
544672,G,G,nhl,professional,1632,174,1741,1,1567,15,30,6,NULL,NULL,NULL,NULL,NULL,NULL,NULL
376376,G,G,nhl,professional,539,62,777,3,715,10,12,1,NULL,NULL,NULL,NULL,NULL,NULL,NULL
330316,G,G,nhl,professional,1195,11,113,0,102,3,1,0,NULL,NULL,NULL,NULL,NULL,NULL,NULL
140804,G,G,nhl,professional,1475,60,475,0,415,2,7,3,NULL,NULL,NULL,NULL,NULL,NULL,NULL
105927,G,G,ahl,professional,1275,45,512,4,467,12,5,0,NULL,NULL,NULL,NULL,NULL,NULL,NULL
312039,G,G,nhl,professional,555,12,98,0,86,1,3,0,NULL,NULL,NULL,NULL,NULL,NULL,NULL
817832,G,G,ahl,professional,2272,123,1368,1,1245,29,14,0,5,43,38,0,0,1,0
28205,G,G,nhl,professional,637,39,366,0,327,2,6,1,NULL,NULL,NULL,NULL,NULL,NULL,NULL
278785,G,G,ahl,professional,583,2,22,0,20,0,0,1,NULL,NULL,NULL,NULL,NULL,NULL,NULL
351840,G,G,nhl,professional,915,245,3052,10,2807,47,45,7,NULL,NULL,NULL,NULL,NULL,NULL,NULL
571024,G,G,nhl,professional,1997,37,315,0,278,1,8,1,NULL,NULL,NULL,NULL,NULL,NULL,NULL
520449,G,G,nhl,professional,302,126,1245,0,1119,24,14,2,NULL,NULL,NULL,NULL,NULL,NULL,NULL
834910,G,G,ahl,professional,36,104,1068,0,964,18,14,4,NULL,NULL,NULL,NULL,NULL,NULL,NULL
102716,G,G,nhl,professional,499,133,1584,0,1451,11,28,6,0,6,6,0,0,0,NULL
104202,G,G,ahl,professional,1170,114,1096,1,982,16,17,5,NULL,NULL,NULL,NULL,NULL,NULL,NULL
71792,G,G,ahl,professional,1390,230,2580,9,2350,56,29,6,50,485,435,0,8,9,0
809844,G,G,ahl,professional,415,42,357,0,315,5,6,2,NULL,NULL,NULL,NULL,NULL,NULL,NULL
119218,G,G,nhl,professional,1010,121,1780,8,1659,37,17,5,13,176,163,0,1,4,NULL
834573,G,G,nhl,professional,72,55,531,1,476,6,9,3,NULL,NULL,NULL,NULL,NULL,NULL,NULL
52075,G,G,nhl,professional,1070,208,2296,0,2088,42,23,10,15,99,84,0,0,2,NULL
715706,G,G,ahl,professional,2387,143,1436,2,1293,23,23,5,NULL,NULL,NULL,NULL,NULL,NULL,NULL
827902,G,G,ahl,professional,1095,49,458,2,409,9,7,0,NULL,NULL,NULL,NULL,NULL,NULL,NULL
620029,G,G,ahl,professional,504,48,668,2,620,16,3,3,NULL,NULL,NULL,NULL,NULL,NULL,NULL
669356,G,G,nhl,professional,780,243,2364,4,2121,39,28,15,22,228,206,1,3,4,NULL
63802,G,G,nhl,professional,85,107,1178,4,1071,19,20,2,NULL,NULL,NULL,NULL,NULL,NULL,NULL
165443,G,G,ahl,professional,2340,128,1268,3,1140,20,15,9,NULL,NULL,NULL,NULL,NULL,NULL,NULL
48052,G,G,nhl,professional,2620,116,1139,1,1023,7,24,3,NULL,NULL,NULL,NULL,NULL,NULL,NULL
60758,G,G,nhl,professional,780,104,1207,1,1103,18,14,4,22,203,181,0,2,4,0
206582,G,G,ahl,professional,61,29,373,2,344,11,2,1,NULL,NULL,NULL,NULL,NULL,NULL,NULL
752218,G,G,ahl,professional,634,86,844,0,758,20,10,0,NULL,NULL,NULL,NULL,NULL,NULL,NULL
182470,G,G,nhl,professional,4425,161,1449,0,1288,20,19,6,NULL,NULL,NULL,NULL,NULL,NULL,NULL
439630,G,G,nhl,professional,1193,304,3516,9,3212,70,40,14,19,164,145,0,3,3,NULL
140444,G,G,nhl,professional,106,38,314,0,276,4,5,1,NULL,NULL,NULL,NULL,NULL,NULL,NULL
73987,G,G,nhl,professional,332,50,503,1,453,4,5,3,NULL,NULL,NULL,NULL,NULL,NULL,NULL
834513,G,G,nhl,professional,1334,194,2665,4,2471,62,16,8,25,236,211,0,3,4,0
592007,G,G,ahl,professional,1517,57,563,0,506,13,7,0,NULL,NULL,NULL,NULL,NULL,NULL,NULL
55285,G,G,nhl,professional,1431,139,1671,8,1532,35,18,8,NULL,NULL,NULL,NULL,NULL,NULL,NULL
82451,G,G,nhl,professional,291,71,989,6,918,26,10,0,33,403,370,1,9,7,NULL
660295,G,G,nhl,professional,502,134,1606,2,1472,21,26,4,NULL,NULL,NULL,NULL,NULL,NULL,NULL
746320,G,G,nhl,professional,419,138,1402,3,1264,20,21,9,NULL,NULL,NULL,NULL,NULL,NULL,NULL
615867,G,G,nhl,professional,789,120,1414,7,1294,30,21,3,NULL,NULL,NULL,NULL,NULL,NULL,NULL
570698,G,G,nhl,professional,109,11,81,0,70,0,1,1,NULL,NULL,NULL,NULL,NULL,NULL,NULL
740296,G,G,ahl,professional,3169,52,459,1,407,5,7,3,NULL,NULL,NULL,NULL,NULL,NULL,NULL
824874,G,G,ahl,professional,264,140,1393,1,1253,21,19,9,NULL,NULL,NULL,NULL,NULL,NULL,NULL
48051,G,G,ahl,professional,276,64,490,1,426,4,10,2,NULL,NULL,NULL,NULL,NULL,NULL,NULL
830892,G,G,ahl,professional,650,187,1790,2,1603,33,21,11,7,68,61,0,1,1,0
32290,G,G,ahl,professional,173,75,641,2,566,11,7,6,NULL,NULL,NULL,NULL,NULL,NULL,NULL
105927,G,G,nhl,professional,1275,92,809,0,717,10,10,4,NULL,NULL,NULL,NULL,NULL,NULL,NULL
312039,G,G,nhl,professional,752,12,103,0,91,1,3,0,NULL,NULL,NULL,NULL,NULL,NULL,NULL
817832,G,G,nhl,professional,2272,6,40,0,34,0,1,0,NULL,NULL,NULL,NULL,NULL,NULL,NULL
52015,G,G,ahl,professional,1638,70,755,0,685,10,13,0,NULL,NULL,NULL,NULL,NULL,NULL,NULL
832325,G,G,ahl,professional,336,127,1273,0,1146,19,16,10,NULL,NULL,NULL,NULL,NULL,NULL,NULL
638160,G,G,ahl,professional,762,236,2127,3,1891,35,30,14,44,567,523,2,11,9,0
751126,G,G,ahl,professional,855,66,600,0,534,6,10,1,NULL,NULL,NULL,NULL,NULL,NULL,NULL
146039,G,G,nhl,professional,971,7,57,0,50,1,1,0,NULL,NULL,NULL,NULL,NULL,NULL,NULL
834910,G,G,nhl,professional,36,3,17,0,14,0,1,0,NULL,NULL,NULL,NULL,NULL,NULL,NULL
102716,G,G,nhl,professional,1691,41,517,0,476,4,8,2,NULL,NULL,NULL,NULL,NULL,NULL,NULL
104202,G,G,nhl,professional,1170,10,119,0,109,1,2,0,NULL,NULL,NULL,NULL,NULL,NULL,NULL
71792,G,G,nhl,professional,1390,6,70,0,64,1,1,0,NULL,NULL,NULL,NULL,NULL,NULL,NULL
809844,G,G,nhl,professional,415,158,1404,0,1246,15,25,9,NULL,NULL,NULL,NULL,NULL,NULL,NULL
78426,G,G,ahl,professional,2562,155,1587,4,1432,34,15,13,48,513,465,1,12,6,0
831182,G,G,ahl,professional,973,79,790,0,711,15,8,4,NULL,NULL,NULL,NULL,NULL,NULL,NULL
339498,G,G,nhl,professional,552,264,2747,5,2483,31,42,15,NULL,NULL,NULL,NULL,NULL,NULL,NULL
620029,G,G,ahl,professional,776,48,668,2,620,16,3,3,NULL,NULL,NULL,NULL,NULL,NULL,NULL
669356,G,G,nhl,professional,1475,243,2364,4,2121,39,28,15,22,228,206,1,3,4,NULL
63802,G,G,nhl,professional,98,46,530,2,484,9,9,1,NULL,NULL,NULL,NULL,NULL,NULL,NULL
165443,G,G,nhl,professional,2340,80,865,1,785,14,14,3,18,229,211,2,4,4,0
166648,G,G,ahl,professional,405,126,1517,10,1391,34,18,2,14,146,132,0,1,3,NULL
60758,G,G,nhl,professional,1334,272,2729,1,2457,39,40,8,22,203,181,0,2,4,0
51891,G,G,ahl,professional,949,193,1937,4,1744,34,25,13,NULL,NULL,NULL,NULL,NULL,NULL,NULL
839435,G,G,ahl,professional,617,105,1393,2,1288,27,15,4,28,330,302,1,5,5,0
57280,G,G,ahl,professional,689,103,965,0,862,12,15,1,NULL,NULL,NULL,NULL,NULL,NULL,NULL
140444,G,G,nhl,professional,146,38,314,0,276,4,5,1,NULL,NULL,NULL,NULL,NULL,NULL,NULL
55976,G,G,ahl,professional,301,103,1047,3,944,11,22,5,NULL,NULL,NULL,NULL,NULL,NULL,NULL
153716,G,G,ahl,professional,1078,238,2526,1,2288,33,42,9,NULL,NULL,NULL,NULL,NULL,NULL,NULL
592007,G,G,nhl,professional,1517,24,239,0,215,1,4,2,NULL,NULL,NULL,NULL,NULL,NULL,NULL
55285,G,G,nhl,professional,1691,139,1671,8,1532,35,18,8,NULL,NULL,NULL,NULL,NULL,NULL,NULL
525550,G,G,nhl,professional,540,233,2740,6,2507,34,39,11,NULL,NULL,NULL,NULL,NULL,NULL,NULL
746320,G,G,nhl,professional,472,138,1402,3,1264,20,21,9,NULL,NULL,NULL,NULL,NULL,NULL,NULL
152950,G,G,ahl,professional,973,63,614,0,551,10,8,2,NULL,NULL,NULL,NULL,NULL,NULL,NULL
833467,G,G,nhl,professional,3289,339,3675,7,3336,78,34,11,51,522,471,0,9,9,0
824874,G,G,ahl,professional,483,140,1393,1,1253,21,19,9,NULL,NULL,NULL,NULL,NULL,NULL,NULL
48051,G,G,nhl,professional,276,6,28,0,22,0,1,0,NULL,NULL,NULL,NULL,NULL,NULL,NULL
653574,G,G,nhl,professional,415,213,2302,4,2089,35,26,11,NULL,NULL,NULL,NULL,NULL,NULL,NULL
32290,G,G,ahl,professional,196,75,641,2,566,11,7,6,NULL,NULL,NULL,NULL,NULL,NULL,NULL
59093,G,G,ahl,professional,708,100,1069,1,969,16,17,1,NULL,NULL,NULL,NULL,NULL,NULL,NULL
813705,G,G,ahl,professional,53,5,61,0,56,1,1,0,NULL,NULL,NULL,NULL,NULL,NULL,NULL
52015,G,G,nhl,professional,1638,76,757,2,681,10,13,1,NULL,NULL,NULL,NULL,NULL,NULL,NULL
638160,G,G,nhl,professional,762,7,70,0,63,0,1,0,NULL,NULL,NULL,NULL,NULL,NULL,NULL
751126,G,G,ahl,professional,983,44,394,0,350,2,7,1,NULL,NULL,NULL,NULL,NULL,NULL,NULL
144408,G,G,ahl,professional,1570,2,26,0,24,0,0,1,NULL,NULL,NULL,NULL,NULL,NULL,NULL
110452,G,G,ahl,professional,4365,104,1095,5,991,25,14,5,4,53,49,0,1,1,0
151028,G,G,ahl,professional,95,8,34,0,26,0,1,0,NULL,NULL,NULL,NULL,NULL,NULL,NULL
78426,G,G,nhl,professional,2562,5,60,0,55,1,1,0,NULL,NULL,NULL,NULL,NULL,NULL,NULL
831182,G,G,nhl,professional,973,34,259,0,225,3,5,1,NULL,NULL,NULL,NULL,NULL,NULL,NULL
339498,G,G,nhl,professional,2256,94,1205,4,1111,16,16,4,NULL,NULL,NULL,NULL,NULL,NULL,NULL
620029,G,G,nhl,professional,504,62,807,7,745,16,11,2,0,7,7,0,0,0,NULL
833348,G,G,ahl,professional,1486,115,1204,2,1089,16,20,4,8,46,38,0,0,2,0
829734,G,G,ahl,professional,1021,165,1871,2,1706,18,32,9,NULL,NULL,NULL,NULL,NULL,NULL,NULL
57280,G,G,nhl,professional,689,2,7,0,5,NULL,NULL,NULL,NULL,NULL,NULL,NULL,NULL,NULL,NULL
52253,G,G,ahl,professional,315,58,700,1,642,9,8,4,NULL,NULL,NULL,NULL,NULL,NULL,NULL
55976,G,G,nhl,professional,301,1,4,0,3,0,0,0,NULL,NULL,NULL,NULL,NULL,NULL,NULL
832143,G,G,ahl,professional,791,180,1936,2,1756,32,24,7,NULL,NULL,NULL,NULL,NULL,NULL,NULL
55285,G,G,nhl,professional,2331,139,1671,8,1532,35,18,8,NULL,NULL,NULL,NULL,NULL,NULL,NULL
152950,G,G,nhl,professional,973,1,13,0,12,0,0,0,NULL,NULL,NULL,NULL,NULL,NULL,NULL
811768,G,G,ahl,professional,546,153,1885,8,1732,39,15,14,1,15,14,0,0,1,0
47625,G,G,ahl,professional,705,40,577,2,537,16,5,0,26,341,315,0,4,6,0
42602,G,G,ahl,professional,1540,220,2549,1,2329,42,37,9,8,78,70,0,0,3,0
32290,G,G,nhl,professional,173,3,7,0,4,0,0,0,NULL,NULL,NULL,NULL,NULL,NULL,NULL
59093,G,G,nhl,professional,708,5,12,0,7,0,0,0,NULL,NULL,NULL,NULL,NULL,NULL,NULL
813705,G,G,nhl,professional,53,139,1378,3,1239,15,25,3,NULL,NULL,NULL,NULL,NULL,NULL,NULL
52015,G,G,nhl,professional,1836,74,721,2,647,9,13,1,NULL,NULL,NULL,NULL,NULL,NULL,NULL
144408,G,G,nhl,professional,1570,136,1447,1,1311,25,15,8,4,29,25,0,0,0,0
110452,G,G,nhl,professional,4365,67,715,2,648,12,8,1,NULL,NULL,NULL,NULL,NULL,NULL,NULL
55225,G,G,nhl,professional,182,191,2110,1,1919,24,33,4,NULL,NULL,NULL,NULL,NULL,NULL,NULL
620029,G,G,nhl,professional,776,62,807,7,745,16,11,2,0,7,7,0,0,0,NULL
833348,G,G,nhl,professional,1486,139,1259,3,1120,25,17,4,4,20,16,0,0,0,NULL
829734,G,G,nhl,professional,1021,92,846,0,754,11,16,2,NULL,NULL,NULL,NULL,NULL,NULL,NULL
833108,G,G,nhl,professional,1412,257,2615,6,2358,35,40,10,NULL,NULL,NULL,NULL,NULL,NULL,NULL
52253,G,G,nhl,professional,315,182,2000,3,1818,22,37,3,NULL,NULL,NULL,NULL,NULL,NULL,NULL
832143,G,G,nhl,professional,791,4,71,0,67,2,0,0,NULL,NULL,NULL,NULL,NULL,NULL,NULL
701667,G,G,ahl,professional,1623,86,880,0,794,12,15,3,1,5,4,0,0,0,0
832203,G,G,ahl,professional,531,84,1039,0,955,15,15,3,NULL,NULL,NULL,NULL,NULL,NULL,NULL
811768,G,G,ahl,professional,879,153,1885,8,1732,39,15,14,1,15,14,0,0,1,0
47625,G,G,nhl,professional,705,49,539,2,490,7,8,2,NULL,NULL,NULL,NULL,NULL,NULL,NULL
42602,G,G,nhl,professional,1540,27,315,0,288,3,7,0,NULL,NULL,NULL,NULL,NULL,NULL,NULL
32290,G,G,nhl,professional,196,3,7,0,4,0,0,0,NULL,NULL,NULL,NULL,NULL,NULL,NULL
59666,G,G,nhl,professional,622,116,1538,6,1422,28,16,5,10,58,48,0,0,1,NULL
389339,G,G,ahl,professional,1346,15,109,0,94,2,2,0,NULL,NULL,NULL,NULL,NULL,NULL,NULL
60491,G,G,ahl,professional,393,194,2209,6,2015,39,27,9,16,104,88,0,1,3,NULL
74263,G,G,ahl,professional,302,191,1942,4,1751,40,24,12,8,55,47,0,0,2,NULL
388917,G,G,ahl,professional,2547,42,536,2,494,8,7,2,NULL,NULL,NULL,NULL,NULL,NULL,NULL
731302,G,G,nhl,professional,2095,283,3151,5,2868,47,43,12,41,541,500,1,10,6,NULL
832203,G,G,nhl,professional,531,85,921,0,836,10,16,4,NULL,NULL,NULL,NULL,NULL,NULL,NULL
811768,G,G,nhl,professional,546,13,109,0,96,2,2,0,NULL,NULL,NULL,NULL,NULL,NULL,NULL
608112,G,G,nhl,professional,2547,128,1390,0,1262,18,24,4,1,2,1,0,0,0,NULL
52072,G,G,nhl,professional,272,192,2558,7,2366,44,23,10,47,619,572,4,13,11,NULL
47629,G,G,ahl,professional,1104,6,55,0,49,1,1,0,NULL,NULL,NULL,NULL,NULL,NULL,NULL
833527,G,G,nhl,professional,438,159,1726,2,1567,23,28,3,NULL,NULL,NULL,NULL,NULL,NULL,NULL
141458,G,G,ahl,professional,285,212,2086,3,1874,34,34,9,NULL,NULL,NULL,NULL,NULL,NULL,NULL
56035,G,G,nhl,professional,231,54,399,0,345,1,12,1,NULL,NULL,NULL,NULL,NULL,NULL,NULL
184560,G,G,ahl,professional,1623,100,1067,1,967,19,16,1,NULL,NULL,NULL,NULL,NULL,NULL,NULL
388917,G,G,nhl,professional,2547,114,1069,2,955,11,19,2,NULL,NULL,NULL,NULL,NULL,NULL,NULL
59091,G,G,ahl,professional,1152,114,1006,0,892,9,18,4,NULL,NULL,NULL,NULL,NULL,NULL,NULL
811768,G,G,nhl,professional,879,13,109,0,96,2,2,0,NULL,NULL,NULL,NULL,NULL,NULL,NULL
59728,G,G,ahl,professional,345,210,2515,4,2305,43,29,12,27,292,265,0,3,6,0
47629,G,G,ahl,professional,3289,6,55,0,49,1,1,0,NULL,NULL,NULL,NULL,NULL,NULL,NULL
833527,G,G,nhl,professional,637,101,1098,2,997,14,19,1,NULL,NULL,NULL,NULL,NULL,NULL,NULL
59091,G,G,ahl,professional,1261,114,1006,0,892,9,18,4,NULL,NULL,NULL,NULL,NULL,NULL,NULL
60791,G,G,ahl,professional,2984,125,1274,0,1149,21,14,4,9,107,98,0,2,2,NULL
59728,G,G,nhl,professional,345,17,122,0,105,1,3,0,NULL,NULL,NULL,NULL,NULL,NULL,NULL
47629,G,G,nhl,professional,1104,60,563,0,503,10,6,2,NULL,NULL,NULL,NULL,NULL,NULL,NULL
145852,G,G,ahl,professional,1570,161,1858,1,1697,36,15,12,12,105,93,0,2,1,NULL
59091,G,G,nhl,professional,1152,144,1388,0,1244,11,21,10,NULL,NULL,NULL,NULL,NULL,NULL,NULL
60791,G,G,nhl,professional,2984,25,192,0,167,2,3,1,NULL,NULL,NULL,NULL,NULL,NULL,NULL
47629,G,G,nhl,professional,3289,200,1946,2,1746,20,31,6,NULL,NULL,NULL,NULL,NULL,NULL,NULL
145852,G,G,nhl,professional,1570,37,462,2,425,9,5,1,NULL,NULL,NULL,NULL,NULL,NULL,NULL
59091,G,G,nhl,professional,1261,144,1388,0,1244,11,21,10,NULL,NULL,NULL,NULL,NULL,NULL,NULL
56036,G,G,nhl,professional,2331,262,3155,1,2893,42,47,9,19,185,166,0,2,4,NULL
164126,G,G,nhl,professional,1394,276,2790,1,2514,28,50,6,NULL,NULL,NULL,NULL,NULL,NULL,NULL
592973,G,G,ahl,professional,2067,17,211,0,194,4,4,0,NULL,NULL,NULL,NULL,NULL,NULL,NULL
592973,G,G,nhl,professional,2067,85,1001,4,916,20,11,4,NULL,NULL,NULL,NULL,NULL,NULL,NULL
